{
  "format_version" : "1.0",
  "generated_by" : "cytoscape-3.4.0",
  "target_cytoscapejs_version" : "~2.1",
  "data" : {
    "shared_name" : "membrane_significant_added_name_table_MDSC_MDM.csv.json",
    "name" : "membrane_significant_microglia_serum_vs_microglia_control",
    "SUID" : 2044,
    "__Annotations" : [ "" ],
    "selected" : false
  },
  "elements" : {
    "nodes" : [ {
      "data" : {
        "id" : "2063",
        "median_log2_FC_peritoneal_M_MDSC_vs__spleen_M_MDSC" : 0.9733,
        "UNIPROT" : "Q99075",
        "signaling" : false,
        "ALIAS" : "HBEGF",
        "median_log2_FC_Glia_with_serum_vs_Glia_no_serum" : 2.1581,
        "shared_name" : "ENSP00000230990",
        "identity" : 100.0,
        "reg_of_immune_resp" : false,
        "SUID" : 2063,
        "plasma_membrane" : true,
        "id_original" : "ENSP00000230990",
        "selected" : false,
        "bit_score" : 420.0,
        "degree" : 7.0,
        "uniprot_id" : "HBEGF_HUMAN",
        "GENENAME" : "heparin binding EGF like growth factor",
        "cell_surface" : true,
        "species" : "9606",
        "name" : "ENSP00000230990",
        "string_id" : "ENSP00000230990",
        "immune_response" : false
      },
      "position" : {
        "x" : 581.4634092081982,
        "y" : 563.9188081670798
      },
      "selected" : false
    }, {
      "data" : {
        "id" : "2062",
        "median_log2_FC_peritoneal_M_MDSC_vs__spleen_M_MDSC" : 1.047,
        "UNIPROT" : "P22897",
        "signaling" : false,
        "ALIAS" : "MRC1",
        "median_log2_FC_Glia_with_serum_vs_Glia_no_serum" : 2.6172,
        "shared_name" : "ENSP00000239761",
        "identity" : 100.0,
        "reg_of_immune_resp" : false,
        "SUID" : 2062,
        "plasma_membrane" : true,
        "id_original" : "ENSP00000239761",
        "selected" : false,
        "bit_score" : 3042.0,
        "degree" : 4.0,
        "uniprot_id" : "MRC1_HUMAN",
        "GENENAME" : "mannose receptor, C type 1",
        "cell_surface" : true,
        "species" : "9606",
        "name" : "ENSP00000239761",
        "string_id" : "ENSP00000239761",
        "immune_response" : false
      },
      "position" : {
        "x" : 471.2369762333574,
        "y" : 643.8583596628885
      },
      "selected" : false
    }, {
      "data" : {
        "id" : "2061",
        "median_log2_FC_peritoneal_M_MDSC_vs__spleen_M_MDSC" : 1.8518,
        "UNIPROT" : "Q9NPY3",
        "signaling" : false,
        "ALIAS" : "CD93",
        "median_log2_FC_Glia_with_serum_vs_Glia_no_serum" : 0.9002,
        "shared_name" : "ENSP00000246006",
        "identity" : 100.0,
        "reg_of_immune_resp" : false,
        "SUID" : 2061,
        "plasma_membrane" : true,
        "id_original" : "ENSP00000246006",
        "selected" : false,
        "bit_score" : 1323.0,
        "degree" : 5.0,
        "uniprot_id" : "C1QR1_HUMAN",
        "GENENAME" : "CD93 molecule",
        "cell_surface" : true,
        "species" : "9606",
        "name" : "ENSP00000246006",
        "string_id" : "ENSP00000246006",
        "immune_response" : false
      },
      "position" : {
        "x" : 588.6533468117444,
        "y" : 652.6940577672187
      },
      "selected" : false
    }, {
      "data" : {
        "id" : "2060",
        "median_log2_FC_peritoneal_M_MDSC_vs__spleen_M_MDSC" : 3.1421,
        "UNIPROT" : "P21589",
        "signaling" : false,
        "ALIAS" : "NT5E",
        "median_log2_FC_Glia_with_serum_vs_Glia_no_serum" : 1.9081,
        "shared_name" : "ENSP00000257770",
        "identity" : 100.0,
        "reg_of_immune_resp" : false,
        "SUID" : 2060,
        "plasma_membrane" : true,
        "id_original" : "ENSP00000257770",
        "selected" : false,
        "bit_score" : 1189.0,
        "degree" : 4.0,
        "uniprot_id" : "5NTD_HUMAN",
        "GENENAME" : "5'-nucleotidase ecto",
        "cell_surface" : true,
        "species" : "9606",
        "name" : "ENSP00000257770",
        "string_id" : "ENSP00000257770",
        "immune_response" : false
      },
      "position" : {
        "x" : 599.7179052620666,
        "y" : 407.71707571606703
      },
      "selected" : false
    }, {
      "data" : {
        "id" : "2059",
        "median_log2_FC_peritoneal_M_MDSC_vs__spleen_M_MDSC" : -2.6762,
        "UNIPROT" : "Q15762",
        "signaling" : false,
        "ALIAS" : "CD226",
        "median_log2_FC_Glia_with_serum_vs_Glia_no_serum" : 1.0844,
        "shared_name" : "ENSP00000280200",
        "identity" : 100.0,
        "reg_of_immune_resp" : true,
        "SUID" : 2059,
        "plasma_membrane" : true,
        "id_original" : "ENSP00000280200",
        "selected" : false,
        "bit_score" : 702.0,
        "degree" : 2.0,
        "uniprot_id" : "CD226_HUMAN",
        "GENENAME" : "CD226 molecule",
        "cell_surface" : true,
        "species" : "9606",
        "name" : "ENSP00000280200",
        "string_id" : "ENSP00000280200",
        "immune_response" : false
      },
      "position" : {
        "x" : 667.0406539234353,
        "y" : 768.4179455734763
      },
      "selected" : false
    }, {
      "data" : {
        "id" : "2058",
        "median_log2_FC_peritoneal_M_MDSC_vs__spleen_M_MDSC" : 3.0809,
        "UNIPROT" : "P51681",
        "signaling" : true,
        "ALIAS" : "CCR5",
        "median_log2_FC_Glia_with_serum_vs_Glia_no_serum" : -0.6152,
        "shared_name" : "ENSP00000292303",
        "identity" : 100.0,
        "reg_of_immune_resp" : false,
        "SUID" : 2058,
        "plasma_membrane" : true,
        "id_original" : "ENSP00000292303",
        "selected" : false,
        "bit_score" : 723.0,
        "degree" : 3.0,
        "uniprot_id" : "CCR5_HUMAN",
        "GENENAME" : "C-C motif chemokine receptor 5 (gene/pseudogene)",
        "cell_surface" : true,
        "species" : "9606",
        "name" : "ENSP00000292303",
        "string_id" : "ENSP00000292303",
        "immune_response" : true
      },
      "position" : {
        "x" : 408.8888721169119,
        "y" : 544.4394489800204
      },
      "selected" : false
    }, {
      "data" : {
        "id" : "2057",
        "median_log2_FC_peritoneal_M_MDSC_vs__spleen_M_MDSC" : -1.5549,
        "UNIPROT" : "P16671",
        "signaling" : false,
        "ALIAS" : "CD36",
        "median_log2_FC_Glia_with_serum_vs_Glia_no_serum" : -0.6235,
        "shared_name" : "ENSP00000308165",
        "identity" : 100.0,
        "reg_of_immune_resp" : false,
        "SUID" : 2057,
        "plasma_membrane" : true,
        "id_original" : "ENSP00000308165",
        "selected" : false,
        "bit_score" : 976.0,
        "degree" : 6.0,
        "uniprot_id" : "CD36_HUMAN",
        "GENENAME" : "CD36 molecule",
        "cell_surface" : true,
        "species" : "9606",
        "name" : "ENSP00000308165",
        "string_id" : "ENSP00000308165",
        "immune_response" : true
      },
      "position" : {
        "x" : 509.981764062324,
        "y" : 503.1327562016887
      },
      "selected" : false
    }, {
      "data" : {
        "id" : "2056",
        "median_log2_FC_peritoneal_M_MDSC_vs__spleen_M_MDSC" : 0.7075,
        "UNIPROT" : "P27797",
        "signaling" : false,
        "ALIAS" : "CALR",
        "median_log2_FC_Glia_with_serum_vs_Glia_no_serum" : 0.7596,
        "shared_name" : "ENSP00000320866",
        "identity" : 100.0,
        "reg_of_immune_resp" : false,
        "SUID" : 2056,
        "plasma_membrane" : false,
        "id_original" : "ENSP00000320866",
        "selected" : false,
        "bit_score" : 839.0,
        "degree" : 4.0,
        "uniprot_id" : "CALR_HUMAN",
        "GENENAME" : "calreticulin",
        "cell_surface" : true,
        "species" : "9606",
        "name" : "ENSP00000320866",
        "string_id" : "ENSP00000320866",
        "immune_response" : false
      },
      "position" : {
        "x" : 667.2277347061716,
        "y" : 510.597867840397
      },
      "selected" : false
    }, {
      "data" : {
        "id" : "2055",
        "median_log2_FC_peritoneal_M_MDSC_vs__spleen_M_MDSC" : 0.8014,
        "UNIPROT" : "Q96PD2",
        "signaling" : false,
        "ALIAS" : "DCBLD2",
        "median_log2_FC_Glia_with_serum_vs_Glia_no_serum" : 0.7905,
        "shared_name" : "ENSP00000321573",
        "identity" : 100.0,
        "reg_of_immune_resp" : false,
        "SUID" : 2055,
        "plasma_membrane" : false,
        "id_original" : "ENSP00000321573",
        "selected" : false,
        "bit_score" : 1611.0,
        "degree" : 1.0,
        "uniprot_id" : "DCBD2_HUMAN",
        "GENENAME" : "discoidin, CUB and LCCL domain containing 2",
        "cell_surface" : true,
        "species" : "9606",
        "name" : "ENSP00000321573",
        "string_id" : "ENSP00000321573",
        "immune_response" : false
      },
      "position" : {
        "x" : 572.8037252408906,
        "y" : 276.21815197725977
      },
      "selected" : false
    }, {
      "data" : {
        "id" : "2054",
        "median_log2_FC_peritoneal_M_MDSC_vs__spleen_M_MDSC" : 0.8352,
        "UNIPROT" : "Q13683",
        "signaling" : false,
        "ALIAS" : "ITGA7",
        "median_log2_FC_Glia_with_serum_vs_Glia_no_serum" : 0.6579,
        "shared_name" : "ENSP00000452120",
        "identity" : 96.53,
        "reg_of_immune_resp" : false,
        "SUID" : 2054,
        "plasma_membrane" : true,
        "id_original" : "ENSP00000452120",
        "selected" : false,
        "bit_score" : 2257.0,
        "degree" : 2.0,
        "uniprot_id" : "ITA7_HUMAN",
        "GENENAME" : "integrin subunit alpha 7",
        "cell_surface" : true,
        "species" : "9606",
        "name" : "ENSP00000452120",
        "string_id" : "ENSP00000452120",
        "immune_response" : false
      },
      "position" : {
        "x" : 722.999730219211,
        "y" : 647.9589527473003
      },
      "selected" : false
    } ],
    "edges" : [ {
      "data" : {
        "id" : "2082",
        "source" : "2063",
        "target" : "2062",
        "shared_interaction" : "",
        "cooccurence" : 0.0,
        "protein1" : "ENSP00000239761",
        "weight" : 158.0,
        "protein2" : "ENSP00000230990",
        "combined_score" : 158.0,
        "experimental" : 0.0,
        "source_original" : "ENSP00000230990",
        "target_original" : "ENSP00000239761",
        "shared_name" : "",
        "fusion" : 0.0,
        "database" : 0.0,
        "name" : "",
        "interaction" : "",
        "SUID" : 2082,
        "neighborhood" : 0.0,
        "id_original" : "59bf1e0a-ceac-4d17-933f-7caf678c89f6",
        "coexpression" : 0.0,
        "selected" : false,
        "textmining" : 158.0
      },
      "selected" : false
    }, {
      "data" : {
        "id" : "2081",
        "source" : "2063",
        "target" : "2061",
        "shared_interaction" : "",
        "cooccurence" : 0.0,
        "protein1" : "ENSP00000246006",
        "weight" : 203.0,
        "protein2" : "ENSP00000230990",
        "combined_score" : 203.0,
        "experimental" : 0.0,
        "source_original" : "ENSP00000230990",
        "target_original" : "ENSP00000246006",
        "shared_name" : "",
        "fusion" : 0.0,
        "database" : 0.0,
        "name" : "",
        "interaction" : "",
        "SUID" : 2081,
        "neighborhood" : 0.0,
        "id_original" : "3c4d791e-70ce-4c90-889f-2d12cc8cbbef",
        "coexpression" : 0.0,
        "selected" : false,
        "textmining" : 203.0
      },
      "selected" : false
    }, {
      "data" : {
        "id" : "2080",
        "source" : "2063",
        "target" : "2060",
        "shared_interaction" : "",
        "cooccurence" : 0.0,
        "protein1" : "ENSP00000257770",
        "weight" : 167.0,
        "protein2" : "ENSP00000230990",
        "combined_score" : 167.0,
        "experimental" : 0.0,
        "source_original" : "ENSP00000230990",
        "target_original" : "ENSP00000257770",
        "shared_name" : "",
        "fusion" : 0.0,
        "database" : 0.0,
        "name" : "",
        "interaction" : "",
        "SUID" : 2080,
        "neighborhood" : 0.0,
        "id_original" : "c03e7a77-bc2e-4348-aeb1-632fd812b40a",
        "coexpression" : 0.0,
        "selected" : false,
        "textmining" : 167.0
      },
      "selected" : false
    }, {
      "data" : {
        "id" : "2079",
        "source" : "2063",
        "target" : "2058",
        "shared_interaction" : "",
        "cooccurence" : 0.0,
        "protein1" : "ENSP00000292303",
        "weight" : 198.0,
        "protein2" : "ENSP00000230990",
        "combined_score" : 198.0,
        "experimental" : 0.0,
        "source_original" : "ENSP00000230990",
        "target_original" : "ENSP00000292303",
        "shared_name" : "",
        "fusion" : 0.0,
        "database" : 0.0,
        "name" : "",
        "interaction" : "",
        "SUID" : 2079,
        "neighborhood" : 0.0,
        "id_original" : "2306b9fa-257a-4cb2-959f-cf51fe71a746",
        "coexpression" : 0.0,
        "selected" : false,
        "textmining" : 198.0
      },
      "selected" : false
    }, {
      "data" : {
        "id" : "2078",
        "source" : "2063",
        "target" : "2057",
        "shared_interaction" : "",
        "cooccurence" : 0.0,
        "protein1" : "ENSP00000308165",
        "weight" : 190.0,
        "protein2" : "ENSP00000230990",
        "combined_score" : 190.0,
        "experimental" : 0.0,
        "source_original" : "ENSP00000230990",
        "target_original" : "ENSP00000308165",
        "shared_name" : "",
        "fusion" : 0.0,
        "database" : 0.0,
        "name" : "",
        "interaction" : "",
        "SUID" : 2078,
        "neighborhood" : 0.0,
        "id_original" : "550bfc3f-b071-4f21-ab2f-f9d43318985c",
        "coexpression" : 0.0,
        "selected" : false,
        "textmining" : 190.0
      },
      "selected" : false
    }, {
      "data" : {
        "id" : "2077",
        "source" : "2063",
        "target" : "2056",
        "shared_interaction" : "",
        "cooccurence" : 0.0,
        "protein1" : "ENSP00000320866",
        "weight" : 224.0,
        "protein2" : "ENSP00000230990",
        "combined_score" : 224.0,
        "experimental" : 0.0,
        "source_original" : "ENSP00000230990",
        "target_original" : "ENSP00000320866",
        "shared_name" : "",
        "fusion" : 0.0,
        "database" : 0.0,
        "name" : "",
        "interaction" : "",
        "SUID" : 2077,
        "neighborhood" : 0.0,
        "id_original" : "9daad0b6-a8e3-4b26-be96-661346efcf5b",
        "coexpression" : 0.0,
        "selected" : false,
        "textmining" : 224.0
      },
      "selected" : false
    }, {
      "data" : {
        "id" : "2076",
        "source" : "2063",
        "target" : "2054",
        "shared_interaction" : "",
        "cooccurence" : 0.0,
        "protein1" : "ENSP00000452120",
        "weight" : 292.0,
        "protein2" : "ENSP00000230990",
        "combined_score" : 292.0,
        "experimental" : 0.0,
        "source_original" : "ENSP00000230990",
        "target_original" : "ENSP00000452120",
        "shared_name" : "",
        "fusion" : 0.0,
        "database" : 0.0,
        "name" : "",
        "interaction" : "",
        "SUID" : 2076,
        "neighborhood" : 0.0,
        "id_original" : "61638af8-4a16-45b2-a4ee-3db05dc31abd",
        "coexpression" : 0.0,
        "selected" : false,
        "textmining" : 292.0
      },
      "selected" : false
    }, {
      "data" : {
        "id" : "2075",
        "source" : "2062",
        "target" : "2061",
        "shared_interaction" : "",
        "cooccurence" : 0.0,
        "protein1" : "ENSP00000246006",
        "weight" : 320.0,
        "protein2" : "ENSP00000239761",
        "combined_score" : 320.0,
        "experimental" : 0.0,
        "source_original" : "ENSP00000239761",
        "target_original" : "ENSP00000246006",
        "shared_name" : "",
        "fusion" : 0.0,
        "database" : 0.0,
        "name" : "",
        "interaction" : "",
        "SUID" : 2075,
        "neighborhood" : 0.0,
        "id_original" : "212c905e-7a39-427b-abcd-921422e7bea6",
        "coexpression" : 0.0,
        "selected" : false,
        "textmining" : 320.0
      },
      "selected" : false
    }, {
      "data" : {
        "id" : "2074",
        "source" : "2062",
        "target" : "2058",
        "shared_interaction" : "",
        "cooccurence" : 0.0,
        "protein1" : "ENSP00000292303",
        "weight" : 206.0,
        "protein2" : "ENSP00000239761",
        "combined_score" : 206.0,
        "experimental" : 0.0,
        "source_original" : "ENSP00000239761",
        "target_original" : "ENSP00000292303",
        "shared_name" : "",
        "fusion" : 0.0,
        "database" : 0.0,
        "name" : "",
        "interaction" : "",
        "SUID" : 2074,
        "neighborhood" : 0.0,
        "id_original" : "fc47c5ea-93a9-46a6-85d6-f70766634a93",
        "coexpression" : 0.0,
        "selected" : false,
        "textmining" : 206.0
      },
      "selected" : false
    }, {
      "data" : {
        "id" : "2073",
        "source" : "2062",
        "target" : "2057",
        "shared_interaction" : "",
        "cooccurence" : 0.0,
        "protein1" : "ENSP00000308165",
        "weight" : 505.0,
        "protein2" : "ENSP00000239761",
        "combined_score" : 505.0,
        "experimental" : 0.0,
        "source_original" : "ENSP00000239761",
        "target_original" : "ENSP00000308165",
        "shared_name" : "",
        "fusion" : 0.0,
        "database" : 0.0,
        "name" : "",
        "interaction" : "",
        "SUID" : 2073,
        "neighborhood" : 0.0,
        "id_original" : "da8aebd4-d062-48b2-9778-15c078d7a362",
        "coexpression" : 0.0,
        "selected" : false,
        "textmining" : 505.0
      },
      "selected" : false
    }, {
      "data" : {
        "id" : "2072",
        "source" : "2061",
        "target" : "2059",
        "shared_interaction" : "",
        "cooccurence" : 0.0,
        "protein1" : "ENSP00000280200",
        "weight" : 158.0,
        "protein2" : "ENSP00000246006",
        "combined_score" : 158.0,
        "experimental" : 0.0,
        "source_original" : "ENSP00000246006",
        "target_original" : "ENSP00000280200",
        "shared_name" : "",
        "fusion" : 0.0,
        "database" : 0.0,
        "name" : "",
        "interaction" : "",
        "SUID" : 2072,
        "neighborhood" : 0.0,
        "id_original" : "10aae97b-9543-41fd-b086-1349e2938fbd",
        "coexpression" : 0.0,
        "selected" : false,
        "textmining" : 158.0
      },
      "selected" : false
    }, {
      "data" : {
        "id" : "2071",
        "source" : "2061",
        "target" : "2057",
        "shared_interaction" : "",
        "cooccurence" : 0.0,
        "protein1" : "ENSP00000308165",
        "weight" : 242.0,
        "protein2" : "ENSP00000246006",
        "combined_score" : 242.0,
        "experimental" : 0.0,
        "source_original" : "ENSP00000246006",
        "target_original" : "ENSP00000308165",
        "shared_name" : "",
        "fusion" : 0.0,
        "database" : 0.0,
        "name" : "",
        "interaction" : "",
        "SUID" : 2071,
        "neighborhood" : 0.0,
        "id_original" : "d639be2f-8314-469a-bcfb-f56080764349",
        "coexpression" : 0.0,
        "selected" : false,
        "textmining" : 242.0
      },
      "selected" : false
    }, {
      "data" : {
        "id" : "2070",
        "source" : "2061",
        "target" : "2056",
        "shared_interaction" : "",
        "cooccurence" : 0.0,
        "protein1" : "ENSP00000320866",
        "weight" : 468.0,
        "protein2" : "ENSP00000246006",
        "combined_score" : 468.0,
        "experimental" : 0.0,
        "source_original" : "ENSP00000246006",
        "target_original" : "ENSP00000320866",
        "shared_name" : "",
        "fusion" : 0.0,
        "database" : 0.0,
        "name" : "",
        "interaction" : "",
        "SUID" : 2070,
        "neighborhood" : 0.0,
        "id_original" : "13ea4ee8-1964-4a5b-96a4-21ed1824b1a0",
        "coexpression" : 0.0,
        "selected" : false,
        "textmining" : 468.0
      },
      "selected" : false
    }, {
      "data" : {
        "id" : "2069",
        "source" : "2060",
        "target" : "2057",
        "shared_interaction" : "",
        "cooccurence" : 0.0,
        "protein1" : "ENSP00000308165",
        "weight" : 206.0,
        "protein2" : "ENSP00000257770",
        "combined_score" : 206.0,
        "experimental" : 0.0,
        "source_original" : "ENSP00000257770",
        "target_original" : "ENSP00000308165",
        "shared_name" : "",
        "fusion" : 0.0,
        "database" : 0.0,
        "name" : "",
        "interaction" : "",
        "SUID" : 2069,
        "neighborhood" : 0.0,
        "id_original" : "fbbec853-e49e-41ab-8748-3d17bf59d982",
        "coexpression" : 0.0,
        "selected" : false,
        "textmining" : 206.0
      },
      "selected" : false
    }, {
      "data" : {
        "id" : "2068",
        "source" : "2060",
        "target" : "2056",
        "shared_interaction" : "",
        "cooccurence" : 0.0,
        "protein1" : "ENSP00000320866",
        "weight" : 159.0,
        "protein2" : "ENSP00000257770",
        "combined_score" : 159.0,
        "experimental" : 0.0,
        "source_original" : "ENSP00000257770",
        "target_original" : "ENSP00000320866",
        "shared_name" : "",
        "fusion" : 0.0,
        "database" : 0.0,
        "name" : "",
        "interaction" : "",
        "SUID" : 2068,
        "neighborhood" : 0.0,
        "id_original" : "04fd42ad-0aef-4f8d-ad8a-17c17e1786bf",
        "coexpression" : 0.0,
        "selected" : false,
        "textmining" : 159.0
      },
      "selected" : false
    }, {
      "data" : {
        "id" : "2067",
        "source" : "2060",
        "target" : "2055",
        "shared_interaction" : "",
        "cooccurence" : 0.0,
        "protein1" : "ENSP00000321573",
        "weight" : 151.0,
        "protein2" : "ENSP00000257770",
        "combined_score" : 151.0,
        "experimental" : 0.0,
        "source_original" : "ENSP00000257770",
        "target_original" : "ENSP00000321573",
        "shared_name" : "",
        "fusion" : 0.0,
        "database" : 0.0,
        "name" : "",
        "interaction" : "",
        "SUID" : 2067,
        "neighborhood" : 0.0,
        "id_original" : "eca00514-a530-4400-993f-10b877329474",
        "coexpression" : 0.0,
        "selected" : false,
        "textmining" : 151.0
      },
      "selected" : false
    }, {
      "data" : {
        "id" : "2066",
        "source" : "2059",
        "target" : "2054",
        "shared_interaction" : "",
        "cooccurence" : 0.0,
        "protein1" : "ENSP00000452120",
        "weight" : 186.0,
        "protein2" : "ENSP00000280200",
        "combined_score" : 186.0,
        "experimental" : 0.0,
        "source_original" : "ENSP00000280200",
        "target_original" : "ENSP00000452120",
        "shared_name" : "",
        "fusion" : 0.0,
        "database" : 0.0,
        "name" : "",
        "interaction" : "",
        "SUID" : 2066,
        "neighborhood" : 0.0,
        "id_original" : "d29fa6b3-7182-4ed0-9b13-8f4992e40d01",
        "coexpression" : 0.0,
        "selected" : false,
        "textmining" : 186.0
      },
      "selected" : false
    }, {
      "data" : {
        "id" : "2065",
        "source" : "2058",
        "target" : "2057",
        "shared_interaction" : "",
        "cooccurence" : 0.0,
        "protein1" : "ENSP00000308165",
        "weight" : 213.0,
        "protein2" : "ENSP00000292303",
        "combined_score" : 213.0,
        "experimental" : 0.0,
        "source_original" : "ENSP00000292303",
        "target_original" : "ENSP00000308165",
        "shared_name" : "",
        "fusion" : 0.0,
        "database" : 0.0,
        "name" : "",
        "interaction" : "",
        "SUID" : 2065,
        "neighborhood" : 0.0,
        "id_original" : "4a4a0df5-1468-4fa5-9522-90df524f6a1f",
        "coexpression" : 0.0,
        "selected" : false,
        "textmining" : 213.0
      },
      "selected" : false
    }, {
      "data" : {
        "id" : "2064",
        "source" : "2057",
        "target" : "2056",
        "shared_interaction" : "",
        "cooccurence" : 0.0,
        "protein1" : "ENSP00000320866",
        "weight" : 471.0,
        "protein2" : "ENSP00000308165",
        "combined_score" : 471.0,
        "experimental" : 0.0,
        "source_original" : "ENSP00000308165",
        "target_original" : "ENSP00000320866",
        "shared_name" : "",
        "fusion" : 0.0,
        "database" : 0.0,
        "name" : "",
        "interaction" : "",
        "SUID" : 2064,
        "neighborhood" : 0.0,
        "id_original" : "6a5e8c94-b8f1-445b-a7c9-53fbd06ea5d4",
        "coexpression" : 0.0,
        "selected" : false,
        "textmining" : 471.0
      },
      "selected" : false
    } ]
  }
}