{"membrane_significant_microgliaAD_vs_microglia_WT":"membrane_significant_microgliaAD_vs_microglia_WT-52_1100756539551710925.json","membrane_significant_microglia_vs_whole_cortex.json":"membrane_significant_microglia_vs_whole_cortex.json-506_9153411037685519824.json","membrane_significant_microglia_vs_non_microglia_cells":"membrane_significant_microglia_vs_non_microglia_cells-1179_7115916885338821674.json","membrane_significant_microglia_serum_vs_microglia_control":"membrane_significant_microglia_serum_vs_microglia_control-2044_7091585269614694308.json","style":"style_2488511610042636824.json","membrane_significant_Microglia_INF_gamma_vs_microglia_control":"membrane_significant_Microglia_INF_gamma_vs_microglia_control-1702_8361212201431920747.json"}